Video ID,Title,Views,Likes,Dislikes,Comments
AYGpYODPbp0,The Most Practical Advice | By Sandeep Maheshwari | Hindi,1146915,71429,0,5078
OejIq2kM04c,Share Market SCAM | Exposed By Sandeep Maheshwari | Stock Trading Fake Courses | Hindi,2699226,144323,0,14824
QXy8nV_Fg7Y,‡§Ü‡§ó‡•á ‡§¨‡§¢‡§º‡§®‡§æ ‡§∏‡•Ä‡§ñ‡•ã | Keep Moving Forward | Sandeep Maheshwari,1291879,76009,0,3961
1g9qdVnjqaE,Coaching Reality EXPOSED | By Sandeep Maheshwari | UPSC NEET JEE,2683714,160043,0,22493
kA2kT-TFXM8,UPSC Coaching Reality | By Sandeep Maheshwari | IAS Aspirants | Civil Services,2898271,179376,0,17948
Kb3N2i3UJuA,EP 39 of 100 - Business Mastery Series | By Sandeep Maheshwari | Hindi,654893,33016,0,2610
MiFWixTQS9U,3 Signs of SCAM | Sandeep Maheshwari #StopScamBusiness,1220943,77173,0,8458
H2-RhsggQe8,Kisi Se Mat Daro | By Sandeep Maheshwari #StopScamBusiness,2145020,133913,0,10450
51bSzeanIuI,MLM Scam Exposed | By Sandeep Maheshwari #StopScamBusiness,5448963,340326,0,38878
fidPWVLwfs8,Stop Vivek Bindra #StopVivekBindra | By Sandeep Maheshwari,15782339,910050,0,213441
r3Pi4FuUguU,Stop SCAM Business | Sandeep Maheshwari #StopScamBusiness,4780102,303827,0,26288
yxTuj__LXJU,BIG SCAM EXPOSED | By Sandeep Maheshwari #StopScamBusiness,7098163,463942,0,58568
1VuYQwa929s,EP 38 of 100 - Business Mastery Series | By Sandeep Maheshwari | Hindi,596161,26703,0,1583
djTLeYJXVBE,EP 37 of 100 - Business Mastery Series | By Sandeep Maheshwari | Hindi,323378,14729,0,683
e0Zi_0yApjg,EP 36 of 100 - Business Mastery Series | By Sandeep Maheshwari | Hindi,311286,15642,0,984
JruF9Bf0vkI,EP 35 of 100 - Business Mastery Series | By Sandeep Maheshwari | Hindi,299762,14832,0,959
dt0QiV-MfhE,EP 34 of 100 - Business Mastery Series | By Sandeep Maheshwari | Hindi,303993,16285,0,1002
WQzviFBGsS0,EP 33 of 100 - Business Mastery Series | By Sandeep Maheshwari | Hindi,292731,14963,0,892
Pw68ssWCp2I,EP 32 of 100 - Business Mastery Series | By Sandeep Maheshwari | Hindi,321402,15762,0,664
-RiQAsgKjgU,EP 31 of 100 - Business Mastery Series | By Sandeep Maheshwari | Hindi,381938,15798,0,1420
D-PXIO_F1UU,EP 30 of 100 - Business Mastery Series | By Sandeep Maheshwari | Hindi,339260,16244,0,2176
Ae4WfJqx2Aw,EP 29 of 100 - Business Mastery Series | By Sandeep Maheshwari | Hindi,274855,13644,0,898
7W9X485eJQQ,EP 28 of 100 - Business Mastery Series | By Sandeep Maheshwari | Hindi,337072,15850,0,805
S7P2Mcfn7kA,EP 27 of 100 - Business Mastery Series | By Sandeep Maheshwari | Hindi,359313,17170,0,845
JgF1ApjprOA,EP 26 of 100 - Business Mastery Series | By Sandeep Maheshwari | Hindi,243895,11857,0,529
zPAHzYFeBL0,EP 25 of 100 - Business Mastery Series | By Sandeep Maheshwari | Hindi,273844,14415,0,741
1-fRvkxmB2c,EP 24 of 100 - Business Mastery Series | By Sandeep Maheshwari | Hindi,257960,12511,0,581
-JLo87zAqd8,EP 23 of 100 - Business Mastery Series | By Sandeep Maheshwari | Hindi,263568,12336,0,655
qIVMFCzTIMw,EP 22 of 100 - Business Mastery Series | By Sandeep Maheshwari | Hindi,267541,13154,0,573
9MbiWB9lqfY,EP 21 of 100 - Business Mastery Series | By Sandeep Maheshwari | Hindi,299388,15636,0,731
iNEUt4lG9x4,EP 20 of 100 - Business Mastery Series | By Sandeep Maheshwari | Hindi,280985,14222,0,550
wIl-PEkzRfk,EP 19 of 100 - Business Mastery Series | By Sandeep Maheshwari | Hindi,328942,19180,0,1196
cl5Sfb04TWo,EP 18 of 100 - Business Mastery Series | By Sandeep Maheshwari | Hindi,270994,14068,0,816
54tjlxjZPuY,EP 17 of 100 - Business Mastery Series | By Sandeep Maheshwari | Hindi,306143,16457,0,1140
BPQXESZ3MM8,EP 16 of 100 - Business Mastery Series | By Sandeep Maheshwari | Hindi,258298,15135,0,775
2NLAKW9ptTw,EP 15 of 100 - Business Mastery Series | By Sandeep Maheshwari | Hindi,254534,13225,0,583
qUPkxEiZHuU,EP 14 of 100 - Business Mastery Series | By Sandeep Maheshwari | Hindi,297812,14621,0,703
NvKlx6SzLBY,EP 13 of 100 - Business Mastery Series | By Sandeep Maheshwari | Hindi,296867,14698,0,739
COclF1GJshc,EP 12 of 100 - Business Mastery Series | By Sandeep Maheshwari | Hindi,300774,13639,0,616
K-zahJBas2Q,EP 11 of 100 - Business Mastery Series | By Sandeep Maheshwari | Hindi,318928,15932,0,718
sKLFs1p6sYs,EP 10 of 100 - Business Mastery Series | By Sandeep Maheshwari | Hindi,308228,14908,0,643
EV4t3-md-hg,EP 9 of 100 - Business Mastery Series | By Sandeep Maheshwari | Hindi,331490,17441,0,762
TODMO0aSuDw,EP 8 of 100 - Business Mastery Series | By Sandeep Maheshwari | Hindi,364395,18041,0,679
NoO4p9UohEY,EP 7 of 100 - Business Mastery Series | By Sandeep Maheshwari | Hindi,377689,20082,0,834
u_nOPBrj9VE,EP 2 of 100 - Business Mastery Series | By Sandeep Maheshwari | Hindi,510436,25112,0,858
VVPEYhL7PIU,EP 3 of 100 - Business Mastery Series | By Sandeep Maheshwari | Hindi,449490,23464,0,1087
eGJgS9ubhDc,EP 1 of 100 - Business Mastery Series | By Sandeep Maheshwari | Hindi,880379,47362,0,1609
NL5y8iiPbIc,EP 6 of 100 - Business Mastery Series | By Sandeep Maheshwari | Hindi,419623,21292,0,927
85KwQSgXywE,EP 5 of 100 - Business Mastery Series | By Sandeep Maheshwari | Hindi,503210,26187,0,1093
nWtdwa9SUfw,EP 4 of 100 - Business Mastery Series | By Sandeep Maheshwari | Hindi,824924,40263,0,1565
MhOn5tThxCc,Good Failure vs Bad Failure - By Sandeep Maheshwari | Hindi,880688,53001,0,2990
gn_dprY_H7s,What do you need to make money? By Sandeep Maheshwari | Hindi,683124,39050,0,1681
TjK0AA28U10,How to Control your Emotions? By Sandeep Maheshwari | Hindi,1215990,61124,0,2071
_CcWEDyPiE0,Karma Karna Seekho - By Sandeep Maheshwari,1193168,61364,0,3365
_xLENSGFZAc,How To Practically Choose Your Career? By Sandeep Maheshwari | Hindi,826154,45156,0,2153
7mPU8yUkcdw,Mind Ko Sahi Disha Dena Seekho - By Sandeep Maheshwari | Hindi,1583779,80718,0,2745
OmF8JWHwcb8,Do the Right Thing at the Right Time - By Sandeep Maheshwari | Hindi,1185073,61864,0,3563
pqTvTQzk6rw,Apne Liye Ladna Seekho - By Sandeep Maheshwari | Hindi,1533950,75846,0,3027
MX2XAG-2oXs,How To Make The Right Choice? By Sandeep Maheshwari | Hindi,1350101,81659,0,4274
RQ_gZ_VZihQ,How To Make Money From Money? By Sandeep Maheshwari | Hindi,4567020,225794,0,11363
foYHn1eSL5w,What is True Happiness? By Sandeep Maheshwari | Hindi,1481626,64713,0,4238
ZesTvYLoksU,AI & ML Ft. Ansh Mehra | Sandeep Maheshwari | ChatGPT Free Training | Hindi,1023373,46208,0,1808
8ODT5ixd03U,Apne Gusse Ko Shaant Kaise Karein? By Sandeep Maheshwari,840987,49681,0,2009
tQJedJmB3ek,Meet Shark Anupam Mittal | Sandeep Maheshwari | Hindi,1615819,83399,0,4432
kqlktsm6pbM,How To Change Your Mind? By Sandeep Maheshwari | Hindi,1492851,79343,0,4472
JblNzdZ_7pw,The Future of Technology Ft. Anshuman Singh | Sandeep Maheshwari | Hindi,670455,33542,0,1817
YnSOzCKs7Pw,Biggest Parenting Mistake | Sandeep Maheshwari | How To Choose Your Career | Hindi,1074627,57855,0,3240
mKXdArLUDL0,Mahabharat Ft. Ami Ganatra | Sandeep Maheshwari | Hindi,2428730,109531,0,6293
wCac1kyhdqg,Real History of India Ft. Abhijit Chavda | Sandeep Maheshwari | Hindi,1003410,55645,0,5147
7tlJRhEu8Bc,Artificial Intelligence Ft. Divij Bajaj | Sandeep Maheshwari | OpenAI & ChatGPT | Hindi,1347167,57888,0,3328
T07GjYNkxrk,Think Big Ft. Raj Shamani | Sandeep Maheshwari | Hindi,1349797,65855,0,2518
CgzfSpnWaFk,Future of the Indian Economy Ft. Sanjeev Sanyal | Sandeep Maheshwari | Hindi,830111,40281,0,3775
HXaPSe7nspc,Practical Business School Ft. Pratham Mittal | Sandeep Maheshwari | Hindi,1038606,49231,0,2263
aaWr-N34Z2Q,Train Your Brain Ft. Dr. Sid Warrier | Sandeep Maheshwari | Hindi,2538334,118473,0,4393
dDwOOjCtOMk,Meet Akhil Gupta & Amit Agarwal With Sandeep Maheshwari | Episode 106 | Business & Startup Tips,449951,17407,0,1227
CuoINYbE5vE,Meet Stock Market Investor & Trader Jimeet Modi | Episode 105 | Sandeep Maheshwari | Hindi,967356,38548,0,2162
bm0BiEuJHhY,"How To Get Really Motivated? Sandeep Maheshwari | Desire, Greed, Fear & Love | Hindi",1094656,57575,0,3786
L4rpc7AmfQk,Human vs Machine | Sandeep Maheshwari | Artificial Intelligence | ChatGPT | Hindi,1162490,59249,0,4332
oE4g4P41KLM,Stop Wasting Your Time | Sandeep Maheshwari | Every Student Must Watch This Video | Hindi,7392802,332062,0,11011
VO-27PLfojE,Always Take Calculated Risk | Sandeep Maheshwari | Hindi,900449,45818,0,1885
tblbY2qvwIo,Does Success Come From Failure? Sandeep Maheshwari in Hindi,789852,45611,0,1527
_ZCFRmKi66Q,How To Think? Episode 3,641562,34052,0,1668
AKciJ4nwFwQ,Think Deeply & Clearly | Problem Solving Session By Sandeep Maheshwari in Hindi,901177,48597,0,1621
4MXtE-uXN9c,Empower Yourself | Feel Strong & Confident | Sandeep Maheshwari in Hindi,1118997,61277,0,2261
58uZlHjbZzg,Fight For Your Right | Be Fearless | Sandeep Maheshwari in Hindi,1086523,71632,0,4418
zpiV-0BSkb0,Grow Your Intelligence | How to increase your understanding? Sandeep Maheshwari in Hindi,1577460,74301,0,2020
d0MkSuisfcs,Meet Gauranga Das Prabhu | Episode 104,727881,40879,0,2797
YHUcTIi2_Q4,Meet World Champions | Deepak Hooda and Saweety Boora | Episode 103,884537,45281,0,2206
NIhtCVPxeoM,Meet Stand Up Comedian Appurv Gupta | Episode 102,481094,25419,0,1583
jnnj6Fd2ym0,The Future of Artificial Intelligence By Sandeep Maheshwari | Will ChatGPT Take Your Job?,3243304,122624,0,6049
ZyKwNDV_9M4,Middle Class Trap | By Sandeep Maheshwari | Hindi,6089023,269714,0,10690
H5zw7xaEILc,Big Business Idea - Part 2,1174007,56698,0,3367
uv87Sa8JP20,Small Business Idea - Part 1,3648794,146477,0,5043
T1c-GwF92B4,Meet Abhi & Niyu | Episode 101,1405317,86655,0,4018
32cA8PUxN0U,Artificial intelligence vs Human intelligence,2622166,123409,0,8624
LAIorrVYPkA,Meet Harsh Beniwal | Episode 100,3150169,213887,0,11404
_sRFWTY417U,Meet Angel Investor Dr. Ritesh Malik | Episode 99,576591,33769,0,1848
mjyNEbNGqPs,Meet Chetan Bhagat | Episode 98,1391772,86961,0,4886
2sYrWNO2YZs,Meet Angry Prash | Episode 97,3785780,187815,0,5519
l7Q3_iw0LSo,How To Think? Episode 2,1079926,58078,0,4221
YJctb5T39gw,Meet Stand Up Comedian Ravi Gupta - Episode 96,1274027,65430,0,3275
WFVsu7BQy3A,Meet Sumeet Mehta LEAD Founder | Episode 95,398380,22482,0,1926
3zqzYB97WC0,How To Think? Episode 1,2130714,153041,0,14532
jaxVNNBcIHQ,Meet Savjibhai Dholakia - Episode 94,1373939,72643,0,4489
bo_v0JyW_0I,Meet Sunil Pal | Episode 93,1203557,73286,0,4672
NPc4FzdU6UY,Meet Arjun Deshpande | Episode 92,729670,39974,0,3157
kI44HjZph7w,Meet Amogh Lila Prabhu | Episode 91,3030806,199119,0,12617
QJhBeL6afgg,Meet Your Superpower | Motivational Video 2023,2938236,188293,0,7758
juKev44fRiw,Meet Kapil Sharma | Episode 90,12697340,793012,0,33404
O_87fhb4gV8,Meet CarryMinati | Episode 89,14874117,1021613,0,35173
HadopNcCS40,Meet Cars24 Founder | Episode 88,677877,31245,0,2048
4BUg0ujjCmk,Problem Solving Marathon - By Sandeep Maheshwari,2878748,127568,0,6723
7-PXOKtWikQ,Meet Bhuvan Bam @BBKiVines | Episode 87,7682329,571905,0,20422
sIXnmkRRuK4,Meet MobiKwik Founder | Episode 86,628226,30497,0,2107
uv_8XV79MRk,How To Be Happy Now? By Sandeep Maheshwari,1488342,125675,0,3936
jroNXGiQ1pE,Meet DIETOFY Founders | Episode 85,311046,14285,0,1208
WdsaSSevPOs,Meet STAGE Founders | Episode 84,535074,22584,0,1400
QkmPh8xMqJA,Meet Ritika Mehra & Vishal Mehra Stylox Founders | Episode 83,299142,14979,0,1246
A0i6TdJ-tbI,Meet Rapido Founder Pavan Guntupalli | Episode 82,908001,45492,0,2505
ju49EpQazLA,Meet Groww Founder Lalit Keshre | Episode 80,758954,37230,0,3623
ywzowpv1w7E,Meet Entrepreneur Pramod Raj Shukla | Episode 79,611368,30053,0,4497
1aS8u6LQfvc,Meet Shradha Sharma YourStory Founder | Episode 78,751378,39278,0,2275
tJX1-YxU6AE,Meet Ridhima Arora Namhya Foods Founder | Episode 77,838119,37497,0,2241
09i0yzALhcc,Meet Olympia Winner Anand Arnold | Episode 76,522122,49970,0,2652
tPUmjQKp7UY,Meet SidTalk Siddhant Jain | Episode 75,670295,39799,0,2213
1V1MUYQGnXE,Top 50 Quotes By Sandeep Maheshwari | Motivational Video 2023,2966345,187536,0,6849
QFgYTcZE8X8,Meet Ankush Sachdeva ShareChat Founder | Episode 74,795293,42124,0,2889
SWrswt9dnoo,Meet Ghazal Alagh Mamaearth Founder | Episode 73,2543504,109880,0,6326
VlkQnR0NnYI,Meet Crazy XYZ Amit Sharma | Episode 72,3650819,247783,0,7593
zK2XP7-Kv5s,Meet Wonder Girl Janhavi | Episode 71,3212921,140856,0,5437
shz8Uxo4gJw,Meet Avadh Ojha Sir | Episode 70,8588882,530652,0,26247
KQrmveISSCs,Meet Google Boy Kautilya Pandit | Episode 69,8022189,457075,0,12020
JYSUhjorblE,Meet Paayal Jain & Tena Jain | Episode 68,4113969,162337,0,4751
bc3vk5iDSjc,Meet Swami Mukundananda | Episode 67,2232554,142543,0,9049
8wpQKaHygGs,Meet Harshvardhan Jain | Episode 66,3940057,251051,0,10036
zTIYPepbuyU,Meet Nitish Rajput | Episode 65,2650901,145983,0,6361
aO4VmKjZmQ8,Meet RiderGirl Vishakha | Episode 64,1011131,55493,0,3273
Qm-BYCQyyH0,Meet Chetna Vasishth | Episode 63,1228007,69374,0,3707
vToAQcbADzQ,Meet Ritesh Agarwal OYO Founder | Episode 62,3100514,175373,0,6500
VYoxW9Rl3WI,Meet Love Birds Amrita Rao & RJ Anmol | Episode 61,5876903,275688,0,6960
ctpo1O7ANk8,Meet Mister Proton | Episode 60,1001755,72649,0,3585
c2qR_aQ-yJs,Meet Science and Fun Ashu Ghai | Episode 59,3615908,237302,0,8118
B5cYq4u-HsI,Meet Civil Beings Sagar Dodeja | Episode 58,915814,56426,0,3333
VwGR__vM8vU,Meet Josh Talks Founders | Episode 57,1519708,85163,0,4273
xl5GRLN6Yb0,Meet Dear Sir | Episode 56,2197905,138791,0,7195
54fDoB0Qnao,Mind Reading By Sandeep Maheshwari,5040032,271268,0,23022
_3Zbc-O-Adw,Meet Tech Burner Shlok Srivastava | Episode 55,4179072,288842,0,10157
dotgcPauLeo,Meet Gagan Pratap Maths | Episode 54,2236757,136189,0,8074
fJQFzFZOboA,Meet Asset Yogi Mukul Malik | Episode 53,872041,43797,0,3386
BIoixl2LLgg,Meet Mangesh Shinde WillPower Star | Episode 52,1056890,55222,0,4439
P6gyWnb_E0M,Meet Laughter Champion Rajat Sood | Episode 51,6818552,371379,0,10942
i0ZHTiDTS30,Meet Dr. Vikas Divyakirti | Episode 50,16789305,993398,0,52492
8IjqQsmO9J0,Meet CoolMitra Motivation | Episode 49,861294,52692,0,2885
kh5ZV7Nyi3A,"Meet Dr. Nirmal Gehlot, Founder of Utkarsh Classes Jodhpur | Episode 48",1265635,93747,0,5689
TO9LdWFtl-U,Meet Satender Singh | Speak English With Confidence | Episode 47,855875,54394,0,3540
GSau-ot0QHQ,Meet Zindagi With Richa | Episode 46,1676088,100448,0,5297
Kdr7cKs_YQ0,Meet Mahatmaji Technical | Episode 45,1025871,65054,0,3915
BGf2RS2Qqw8,Meet Sonu Sharma | Episode 44,6166845,472617,0,21593
mu6DuidooOY,Meet Mr. Asia Yatinder Singh | Episode 43,3151805,210362,0,12229
jntD0OY-zK8,Meet Magician Suhani Shah | Episode 42,11744245,653838,0,24524
3lxv-hyEkbY,Meet Satish K Videos | Make Money Online | Episode 41,1259850,81452,0,4497
ezmWdMXp6ys,Meet Aleena Rais | Speak English With Confidence | Episode 40,6772963,329197,0,9123
i9ozuTlKqNo,Meet Superwoman Roshni Mukherjee | Episode 39,2102633,134018,0,7126
-2K0l3tWnfM,Meet RJ Kartik | Episode 38,1431992,106481,0,6000
Qkcf3jIZ1_U,Meet Shobhit Nirwan | Episode 37,2065535,149307,0,6234
SSgn8Ci9LTk,Meet Ranveer Allahbadia BeerBiceps | Episode 36,4192426,269301,0,9081
hnxiyvbj2SE,Meet GamerFleet Anshu Bisht | Episode 35,6687590,484904,0,12767
7MMd0kqtVTs,Meet Ankur Warikoo | Episode 34,2694427,169855,0,9783
_x8WGd_N0No,Meet Mahendra Dogney | Episode 33,1916609,120945,0,6598
gtkOXvqt684,Meet Deepak Daiya | Episode 32,1806325,109815,0,6489
sDJmvg9pOfI,Meet Vivek Sir & Vardaan Sir | Episode 31,1555846,92824,0,6483
jrphIBsEWyg,Meet Swami Prakarshananda | Episode 30,2055870,130716,0,9528
TWSCCmFQteY,Meet Khan Sir | Episode 29,23108670,1667350,0,98021
dpTV690Obv0,Meet Kanak Khathuria | Episode 28,1520031,78966,0,5398
YW5ZL_gYr-c,Meet Mr. Indian Hacker | Episode 27,10198645,669856,0,25582
mcBIlbhofT4,Meet Technical Guruji | Episode 25,5681752,393293,0,10713
NbWVhyadunc,Meet Dr. Ujjwal Patni | Episode 24,2556394,163926,0,7581
vW81bejSmOw,Meet Manoj Dey | Episode 23,4585644,317375,0,11524
FcGcuRXRKn0,Meet Chai Sutta Bar Founder Anubhav Dubey | Episode 22,4567878,268497,0,6429
hWYCdrlf2iQ,Meet Coach BSR | Episode 21,905988,53860,0,2966
OA21Ngd1fdM,Meet Anant Ladha | Make Money From Money | Episode 20,1771842,99334,0,3834
dijtsMxqezE,Meet Neha Agrawal | Episode 19,1889296,113701,0,5446
_a63zGy5hmQ,Meet Jaya Kishori | Episode 18,10765789,644068,0,34595
77Ipv5Trf1M,Meet Sahil Khanna | Episode 17,1049448,64982,0,4313
DotRzhpSToE,Meet Rachana Ranade | Make Money From Money | Episode 16,3313992,163012,0,5467
KH5uFCTDRHc,Meet Abby Viral | Motivational Rapper | Episode 15,1603084,126943,0,4805
z4zn1QLgoMY,Meet Pushkar Raj Thakur | Money Making Tips & Ideas | Episode 14,3751853,204517,0,5612
5LTJj-EW5LM,Meet Abhinay Sharma | Mathematics Teacher | Episode 13,4924835,315712,0,13386
rmBIZT0lRwQ,Meet Stand Up Comedian Haseeb Khan | Episode 12,9379367,527049,0,11347
Ntb7Uw0JDto,Meet Alakh Pandey | Physics Wallah | Episode 11,12355946,866904,0,31366
d1QP6f3zS_w,Meet Sourav Joshi Vlogs | Episode 10,11321017,795658,0,20639
Aw6pnW_cq5Y,Meet A2 Motivation | Arvind Arora | Episode 9,4340035,319061,0,9043
6rhhG-6ijEk,Meet My Parents,5694540,420799,0,14182
ngk2a6rGQFI,Meet Himeesh Madaan | Motivational Speaker | Episode 8,1666294,109407,0,5310
w4ZgksPXocs,Meet Kanchan Keshari | Speak English With Confidence | Episode 7,4490948,198092,0,5796
QDWv0l7liHc,Meet Pranjal Kamra | Make Money From Money | Episode 6,4920600,216715,0,5422
2C2SaoCog5w,Meet Vivek Mittal | Fit Tuber | Episode 5,3379030,174772,0,5219
fSPt_KBXnSM,Meet Prafull Billore | Episode 4,13265069,806200,0,17353
_nGOuYlHiH8,Meet Muddassir Khan | Founder of YeBook | Episode 3,1716829,103557,0,4594
D3WbOPDxkx4,Meet Himanshi Singh | Episode 2,4630195,262264,0,6918
wZ59ZgcuChY,Meet Aman Dhattarwal | Episode 1,5148136,339698,0,11726
df2vWVIhUJI,Mast Rehna Seekho!!,4428496,181615,0,4571
SY_qnGZDLA8,My Wife - Ruchi Maheshwari,22224631,984903,0,21467
8d_2MOCmXFY,How to deal with Emotional Blackmail?,899340,61234,0,1951
faple3eqPU0,Top 3 Daily Habits - By Sandeep Maheshwari | Motivational Video | Hindi,3620301,184464,0,3627
tCB5ptqxN_8,Motivational Video By Sandeep Maheshwari - Wake Up!!,2787973,138811,0,2942
ufaqv7XezB0,Khul Ke Jiyo,2401419,137374,0,4696
LcKYbIFVWdU,POWER OF TRUTH - By Sandeep Maheshwari,1387702,73015,0,2859
QhpmSmKX6r8,Career vs Love - By Sandeep Maheshwari | Hindi,2327222,140470,0,3545
OEa-nc4CbAM,3 Signs of Greed - By Sandeep Maheshwari | Hindi,713979,34505,0,2353
zMEG3Q7WXXQ,What is Patience? By Sandeep Maheshwari | Hindi,1481995,65147,0,2258
xwYL2iGds6w,Relationship & Marriage - By Sandeep Maheshwari | Hindi,1636245,68163,0,2238
54acVVq5clw,Self Respect - By Sandeep Maheshwari,3453800,133060,0,3519
EMJ9AEnBLEo,Monkey Mind - By Sandeep Maheshwari | Hindi,945452,42132,0,1759
8SwQOO7lXpY,How to change your conditioning? By Sandeep Maheshwari | Hindi,862961,41940,0,1762
SRl335wMrQU,Self Realisation - By Sandeep Maheshwari | Hindi,1254623,52577,0,2700
s2NISyShKXM,Daily Gratitude Affirmations - By Sandeep Maheshwari | Hindi,4234765,139739,0,5708
QTjENitMJ00,Inferiority & Superiority Complex - By Sandeep Maheshwari | Hindi,742665,33672,0,1562
wsPLOMOfQEA,#25 Brainstorming on FRIENDSHIP with Sandeep Maheshwari,906235,45786,0,1795
R3TwBQYKUVE,#24 Brainstorming on EXPECTATIONS with Sandeep Maheshwari,988444,44157,0,2137
u6yEJ4Pu0Lg,#23 Brainstorming on SENSE OF HUMOUR with Sandeep Maheshwari,739916,35247,0,1967
OM--rXPXaJk,#22 Brainstorming on PERSONALITY with Sandeep Maheshwari,1143002,51488,0,3003
ktoPYb4Jz1E,#21 Brainstorming on SMART WORK with Sandeep Maheshwari,798442,37217,0,1906
CMgo-cEGtfg,#20 Brainstorming on OVERTHINKING with Sandeep Maheshwari,1334485,51221,0,2408
J618VcUftYQ,#19 Brainstorming on SELF ESTEEM with Sandeep Maheshwari,763659,34810,0,1683
YQG6K06W5fQ,#18 Brainstorming on CHALLENGES with Sandeep Maheshwari,622182,28251,0,1267
uY22e22A9DU,#17 Brainstorming on CREATIVITY with Sandeep Maheshwari,628366,29456,0,2374
fCC5Ci6_G0g,#16 Brainstorming on PURPOSE OF LIFE with Sandeep Maheshwari,1081568,46617,0,3530
QWmAMPJFPNE,#15 Brainstorming on HAPPINESS with Sandeep Maheshwari,833029,33329,0,1718
XsXjlsKqhw8,#14 Brainstorming on CAREER with Sandeep Maheshwari,865705,42771,0,2160
6rbjMTytejM,#13 Brainstorming on INNOVATION with Sandeep Maheshwari,490308,20984,0,1479
tsERq9K2eQg,#12 Brainstorming on RESPONSIBILITY with Sandeep Maheshwari,605893,28295,0,1710
iK_HqQJImRc,#11 Brainstorming on QUESTIONING with Sandeep Maheshwari,624734,25845,0,1433
7UVvFB7uWi0,#10 Brainstorming on CLARITY with Sandeep Maheshwari,886397,37634,0,1675
DtRe-YDojow,#9 Brainstorming on BODY SHAMING with Sandeep Maheshwari,1063258,41839,0,2316
pZP99ZvPl58,#8 Brainstorming on OBSERVATION with Sandeep Maheshwari,857797,35755,0,1858
EXSwHz2GRV8,#7 Brainstorming on ENTREPRENEURSHIP with Sandeep Maheshwari,857343,36387,0,1977
UVL6hzTvzvE,#6 Brainstorming on EDUCATION with Sandeep Maheshwari,1107023,49864,0,3222
X0wi3kLbpz4,#5 Brainstorming on THE CONCEPT OF GOD with Sandeep Maheshwari,1388226,52591,0,6683
1wtK3w3SmYs,#4 Brainstorming on FREEDOM with Sandeep Maheshwari,813672,32330,0,1973
DXWAyKK-dh0,#3 Brainstorming on SELF SABOTAGE with Sandeep Maheshwari,850613,31288,0,1904
QqTIOxpButE,#2 Brainstorming on GROWTH with Sandeep Maheshwari,1052873,41003,0,4294
jiPZ4Sq5C6U,#1 Brainstorming on LOGIC vs FAITH with Sandeep Maheshwari,1135301,48740,0,6481
ysM3Qbw_pMo,3 Business Fundamentals - By Sandeep Maheshwari | Hindi,950701,39233,0,2351
-kEDGeepVlM,What is Fear? Episode 10 #PracticalPsychology,720473,28331,0,2515
I117FuRFcps,What is Trauma? Episode 9 #PracticalPsychology,549715,21747,0,1920
EAE_L7zAAyM,What is Narcissism? Episode 8 #PracticalPsychology,818331,31755,0,3932
eDdnGE1c6vw,International Business Strategy - By Sandeep Maheshwari | Hindi,478688,23625,0,1923
4W5N00l19SM,What is Addiction? Episode 7 #PracticalPsychology,965741,44850,0,5981
soblCaix8CA,Seeker of Knowledge - By Sandeep Maheshwari | Hindi,728241,41523,0,2910
XM26Hy63u_Y,What is Time? Episode 6 #PracticalPsychology,874305,34664,0,3355
tQ44obdMdyQ,Most Important Advice For Starting Your Business - By Sandeep Maheshwari | Hindi,900106,38871,0,1806
kkDgvudNSq8,How The Mind Works? By Sandeep Maheshwari | Hindi,1718432,68123,0,3827
I2an9n-u7e8,How To Design Your Future? By Sandeep Maheshwari | Hindi,964581,45229,0,3302
V64ZSldOhDw,Advice For 20 Year Old - By Sandeep Maheshwari,1325549,69310,0,4450
rf1Zzs4wbCk,Work Less. Work Smart! By Sandeep Maheshwari | Hindi,1168783,70277,0,4222
twhWsik1pG0,What Makes A Good Life? By Sandeep Maheshwari | Hindi,1522563,67687,0,4776
74-zO9Skb6U,Work From Home - By Sandeep Maheshwari | Hindi,669548,30297,0,1889
eBVdj_fR7fk,Relationship Advice For Young Couples - By Sandeep Maheshwari | Hindi,2533975,113382,0,2848
wnj82mO2YmQ,What is Love? Episode 5 #PracticalPsychology,1136246,49557,0,2805
tbZOdN7SxNk,What is Ego? Episode 4 #PracticalPsychology,832938,31234,0,2228
mAAE51L5PnA,What is Conflict? Episode 3 #PracticalPsychology,743621,26336,0,1734
9RWWK2pL2LY,What is Procrastination? Episode 2 #PracticalPsychology,1050133,45388,0,2960
UH41lspON18,What is Past? Episode 1 #PracticalPsychology,1186985,57511,0,3903
3oqSom_V7Zg,Face Your Fear - By Sandeep Maheshwari | Hindi,1255808,57794,0,2365
1_3ROas99gY,Before You Invest Your Money... Watch This Video | Podcast #6,1881580,72919,0,4048
0LkO0FnIDdY,HERO WORSHIP - By Sandeep Maheshwari,518427,27444,0,1845
mSB8wMHxHKs,Financial Freedom - By Sandeep Maheshwari,2436250,70776,0,4437
7gu-J9HpG2g,Law of Attraction - By Sandeep Maheshwari | Hindi,1868033,78026,0,3550
UVpn0f2_90g,Self Discipline - By Sandeep Maheshwari | Hindi,4326543,210508,0,5420
JVPsYTLLbLo,Apne Mind Ko Focus Kaise Karein? By Sandeep Maheshwari,1728522,89023,0,2605
Phtp0ksvoYo,How to Build Your Career? By Sandeep Maheshwari | Motivational Video For Students | Hindi,1081843,61663,0,2553
eN5eoLTg4vM,Stop Doing This - By Sandeep Maheshwari,1248745,96927,0,3295
mCluBqFXC10,How to Change Yourself? By Sandeep Maheshwari | Hindi,2766838,123295,0,2930
Cc0VVWbhGNs,How to Grow your Business? By Sandeep Maheshwari | Hindi,817971,34057,0,1347
G7gYphR3V8c,Secret of a Happy Relationship - Sandeep Maheshwari | Hindi,1063923,56771,0,1899
9TpclejUcQY,Think Fast. Think Smart! By Sandeep Maheshwari | Hindi,2268925,118772,0,3381
kFNmPGgox8s,3 Morning Habits To Change Your Life - By Sandeep Maheshwari,4610027,141724,0,3704
ZvhViEr1RaM,What is True Love? By Sandeep Maheshwari | Hindi,940033,56988,0,2824
Br89FiG0P-A,One Way To Stop Overthinking - Sandeep Maheshwari,1113725,60071,0,4449
BQhzcUX-KrU,How to Gain Momentum for Success? By Sandeep Maheshwari,801285,42846,0,2376
niWggyktIF0,2 Habits That Will Change Your Life!! Sandeep Maheshwari,1647666,78669,0,3458
bcw5cK9kOCU,3 Parenting Tips By Sandeep Maheshwari | Hindi,1311653,49730,0,2804
VQfWZ3p_Wtk,Do What The 99% Are Not Doing - Sandeep Maheshwari | Hindi,682242,39783,0,2329
EYYU35uas3A,3 Simple Ways To Live A Happy Life - Sandeep Maheshwari,768581,43377,0,2717
KFVzFneh0j0,18-25 MUST WATCH this Motivational Video By Sandeep Maheshwari | Hindi,2068462,118617,0,4531
E-WsaPtOyU0,Growth Mindset - Sandeep Maheshwari | Hindi,854055,55584,0,2747
OOsa18C8OFU,How To Stop Negative Feelings & Emotions - Sandeep Maheshwari,565131,37822,0,2207
oCxyVS6ovu4,Stop Wasting Your Life - Sandeep Maheshwari | Hindi,1036534,64003,0,3014
n7dl6-aehLg,Apne Attitude Ko Aisa Banao - Sandeep Maheshwari,842049,44664,0,2593
-bgGfoSR1H8,Make Anyone Instantly Like You üëç,593904,45213,0,2121
tOtZutBkPrY,Zindagi Ka Kadwa Sach - Sandeep Maheshwari,624536,33774,0,1583
W04JQJN_7LY,Khud Ki Value Badhana Seekho - Sandeep Maheshwari,1408587,65360,0,2683
1yonmuNmEA0,"Whenever you feel sad, just remember this!!",1468544,66225,0,3044
aCSKFWxCB30,2 Ways To Discover Your Passion - Sandeep Maheshwari,1003305,53712,0,2323
60oW6q9_LEk,Should you listen to your Heart or Mind? By Sandeep Maheshwari,457878,27107,0,1958
wBAn1wE89zg,How to handle people who hurt ‚ÄúYOU‚Äù - Sandeep Maheshwari | Hindi,2028066,84757,0,3140
o_9UtgMwQ8Y,Advice For Every 20 Year Old - Sandeep Maheshwari,1059959,68423,0,4025
nbiQvdKRsXs,Job vs Business - Sandeep Maheshwari,2409621,102961,0,4603
1k10z9mL7Ik,Do This Every Morning And Night !! Q&A #10 With Sandeep Maheshwari,6156009,283933,0,10927
tPjKr46tVwY,How To Stay Fit & Active? Podcast #5 | Diet & Nutrition Tips | Hindi,10177131,238519,0,7669
zkV_0jZ8H-U,How to Boost Your Self Confidence? Q&A #9 With Sandeep Maheshwari,1270300,66472,0,2998
e8aKK3cBBrM,LOGIC vs EMOTION - Q&A #8 With Sandeep Maheshwari | Hindi,888865,44933,0,2681
o1ZqBL9hJkA,PHILOSOPHY OF LIFE - Q&A #7 With Sandeep Maheshwari,1695819,74284,0,5696
KyQZ89sGo-k,Don't Waste Your Money - Q&A #6 With Sandeep Maheshwari,1343307,72759,0,4177
nbUyiEjhVPk,PSYCHOLOGY OF HAPPINESS | Podcast #4,2335128,99748,0,5094
Dws4-ZhcutU,BELIEVE IN YOURSELF - Q&A #5 With Sandeep Maheshwari,1777379,84223,0,3267
41hOyt1IfBY,MINDSET IS EVERYTHING - Q&A #4 With Sandeep Maheshwari,1857282,90280,0,4673
EORrojq9CbE,How To Become Physically Strong? Podcast #3,2027667,104235,0,4626
ZBb-YfjjzgM,What to do if Life Seems Meaningless? Q&A #3 With Sandeep Maheshwari,1446780,61670,0,3039
4WXiyQOGuk4,How To Start Your Own Business? Q&A #2 With Sandeep Maheshwari | Startup & Entrepreneurship | Hindi,2166794,97141,0,4819
v0AyEwcT7r8,5 Habits of a Successful Relationship |¬†Podcast #2,3762194,148489,0,5109
ATCfSYHiBy8,Q&A #1 With Sandeep Maheshwari!!,1234860,72827,0,6190
BDOYGO5DTxs,The Psychology of Self Motivation | Podcast #1,2045359,96165,0,8274
H2N3U8l7LHA,"Before you make fun of someone, just watch this story!!",1720761,135966,0,4817
-DZmXyJGIQI,EP 05 - THE FINALE - CAUGHT IN THE WEB | A Thought Provoking Series By Sandeep Maheshwari | Hindi,741433,44575,0,4177
nrMPZ0wcHIw,EP 04 - CAUGHT IN THE WEB - NEUROLOGY | A Thought Provoking Series By Sandeep Maheshwari | Hindi,861052,48405,0,2945
PJIsXQNzio8,EP 03 - CAUGHT IN THE WEB - PSYCHOLOGY | A Thought Provoking Series By Sandeep Maheshwari | Hindi,1066502,69929,0,4552
M8BjKzV6BlM,EP 02 - CAUGHT IN THE WEB - ALGORITHM | A Thought Provoking Series By Sandeep Maheshwari | Hindi,1139360,94399,0,7017
DdWnzbvYHIU,EP 01 - CAUGHT IN THE WEB - BODY | A Thought Provoking Series By Sandeep Maheshwari | Hindi,2288032,167146,0,10801
kdXa4J_lKcY,TOP 10 MOTIVATIONAL STORIES - By Sandeep Maheshwari | Compilation of Best Stories in Hindi,13042323,407314,0,8770
65E50B4_Hs0,THE GOLDEN FRUIT - A Thought Provoking Story By Sandeep Maheshwari,1678047,155328,0,5643
HCx-dkmJUVo,CAUGHT IN THE WEB - By Sandeep Maheshwari | Introduction,866426,88485,0,5047
h-NjW4Wupzs,How to Choose the right Career? By Sandeep Maheshwari | Hindi,3640296,196086,0,5420
rqaYg-5kFe0,"Whenever you feel like giving up, just watch this video!!",2079812,197585,0,5663
_2Vqz9YLvew,The Biggest Secret of a Happy Relationship - By Sandeep Maheshwari | Hindi,728282,45570,0,1880
tgGIQguu_MU,Negative Thoughts Ko Khatam Karna Seekho - By Sandeep Maheshwari,3903184,171907,0,5863
-kh24Th7TJ4,DISCOVER YOUR SUPER POWER!! Powerful Motivational Story By Sandeep Maheshwari,1480336,151593,0,7166
AZ5aP82_agc,How to get rid of Mobile Addiction? By Sandeep Maheshwari | Hindi,2230451,156157,0,6602
yurBQ6BHxgs,Dil Se Judna Seekho - By Sandeep Maheshwari,698456,49932,0,2724
PNAkSTpUbb8,You are NOT less than anyone!!,7750471,344321,0,6353
ys3iwwjAsVA,"""What is the source of my knowledge?"" - Sandeep Maheshwari | Hindi",935688,63385,0,3295
ONxblEQMJS0,Don't Act Like A Monkey | Short Motivational Story By Sandeep Maheshwari in Hindi,1174100,119334,0,5000
RZHTnksPXxM,How to find Inner Peace & Happiness? By Sandeep Maheshwari (In English),854632,51119,0,2928
2Yk9puTCHlQ,How to make the Right Decision? By Sandeep Maheshwari I Hindi,1189574,76683,0,3341
rdh1EXaeEx8,"Whenever you feel sad, just listen to this story!!",13864108,776622,0,13738
SruLnqiC9sk,What is Comfort Zone? By Sandeep Maheshwari | Hindi,1481251,100892,0,3623
2err3xKs4lI,How to become financially independent? By Sandeep Maheshwari | Hindi,1344017,73550,0,3393
d-xAAiKGotg,Focus On Your Vision - By Sandeep Maheshwari I Hindi,1167101,79497,0,3232
6gAXOTIu6DE,The Secret of Marketing - By Sandeep Maheshwari | Hindi & English,1027955,57419,0,2866
keMCIPiGMXQ,Be Fearless - Sandeep Maheshwari | Powerful Motivational Story,6665847,368046,0,8900
Ve_u9rAHmlg,The Power of Self Control - By Sandeep Maheshwari | Hindi,2486801,125929,0,6367
AfOJIDTCGC0,Think and Grow Rich - Motivational Speech By Sandeep Maheshwari | Hindi,5785016,267275,0,10142
b9EYI2N6j90,Short Motivational Story By Sandeep Maheshwari | Apni Nazar Ko Badlo,1793621,137439,0,3932
EGT8BxoR7MQ,Your Habits Decide Your Future - By Sandeep Maheshwari | Hindi,2636185,118828,0,3931
SgWHUlry-I4,Can we fulfill all the EXPECTATIONS of someone? By Sandeep Maheshwari,587863,46428,0,2630
0sr3Gcrh9vk,JUST DO IT FOR 7 DAYS TO CHANGE YOUR LIFE! By Sandeep Maheshwari | Hindi,5695591,262487,0,6300
J3dxSURUw2o,"Whenever you feel angry, just listen to this story!!",7370769,343495,0,6997
kBo3ipDEH6k,POWERFUL MOTIVATIONAL VIDEO By Sandeep Maheshwari | Best Motivational Quotes,18368987,623481,0,14034
-ozOLVOS-R8,#1 Secret to Stay Motivated All The Time - By Sandeep Maheshwari | Hindi,5602048,374660,0,8964
L_8qPqhto8I,Apne Aap Se Pyaar Karna Seekho - By Sandeep Maheshwari | A Heart Touching Story in Hindi,2901094,202761,0,5410
oo5KkVhRevY,The Best Way To Sharpen Your Mind By Sandeep Maheshwari | Hindi,1573290,97134,0,3613
9SzBuTa-HKI,How to increase the Level of Your Understanding? By Sandeep Maheshwari | Hindi,1241747,84577,0,3968
fp-sCJ2D5No,"When your mind is disturbed, just watch this video!!",1436173,131049,0,5116
Sn2xeBEECeI,How To Choose Your Life Partner? By Sandeep Maheshwari,2316448,128812,0,5407
aAGrwUz99SI,"""NEVER FIGHT WITH A PIG"" - By Sandeep Maheshwari | Hindi",1170400,95838,0,4486
7APsUk74ziw,How to let go of the Past? By Sandeep Maheshwari,1779999,106939,0,6376
JEwiZ0g2k1Y,ATTITUDE ‡§π‡•ã ‡§§‡•ã ‡§ê‡§∏‡§æ... MOTIVATIONAL VIDEO By Sandeep Maheshwari,7770210,359034,0,5648
eOoPjX2jmDc,Apne Lakshya Ko Kaise Haasil Kare? By Sandeep Maheshwari,1489872,99240,0,4797
M38O01lJHiY,"""Bure Vaqt Ka Bhi... Bura Vaqt Aata Hai"" By Sandeep Maheshwari | Short Motivational Story in Hindi",3111576,246360,0,7646
UNZFEDfmCNQ,THE STORY OF A BUTTERFLY - By Sandeep Maheshwari | Inspirational Video in Hindi,1295326,87776,0,4695
41FJzpZltFk,TRY IT FOR 21 DAYS TO CHANGE YOUR LIFE! By Sandeep Maheshwari | Hindi,5713885,281270,0,7701
u4VHqtXrRjw,Apne PASSION Ko PROFESSION Kaise Banaye? By Sandeep Maheshwari,884934,67750,0,4921
_cl_F_YDJRo,Sandeep Maheshwari on Leonardo da Vinci | Hindi,1374163,83635,0,4629
LRgHocTw2SE,MY PLEDGE,1622293,255267,0,31129
CAJfTFS2Pm0,BEWARE OF FRAUD,1254861,168691,0,8943
96iaZxKRmKg,LISTEN TO THIS EVERY NIGHT Before You Sleep | Peaceful Night Affirmations By Sandeep Maheshwari,24429385,755572,0,14276
T53vxmdzC34,LOVE vs ATTACHMENT - By Sandeep Maheshwari | Hindi,695100,51944,0,2980
5OGXzJGe-fI,How do YOU understand YOURSELF? By Sandeep Maheshwari,1375197,82780,0,4714
29vgMW8K6Iw,‡§¨‡§ø‡§®‡§æ ‡§™‡•à‡§∏‡•á ‡§ï‡•á Business ‡§ï‡•à‡§∏‡•á ‡§ï‡§∞‡•á‡§Ç | How to Start a Business with No Money? By Sandeep Maheshwari,4173008,187884,0,7275
kEGgDifEx7Q,Sandeep Maheshwari on Socrates | Hindi,1722476,95218,0,6700
xB5jQ5uoJNY,ENERGETIC MOTIVATIONAL VIDEO By Sandeep Maheshwari | INSPIRATIONAL QUOTES IN HINDI,5273012,250461,0,8045
bIg5Q0jAGs4,Ruchi Maheshwari - My Better Half!!,5194205,266531,0,9410
zYetcs7vAjI,SECRET OF SUCCESSFUL LIFE - By Sandeep Maheshwari | Hindi,1152984,89230,0,3831
fG1oNm2tCro,MORNING MOTIVATIONAL VIDEO - Sandeep Maheshwari | DAILY MORNING AFFIRMATIONS Hindi,42202752,1267543,0,28643
HTyhPS4duD4,Apne Mind Ko Shant Karna Seekho - By Sandeep Maheshwari,5743775,253208,0,8713
qfgtMi_bWyI,Sandeep Maheshwari on Helen Keller | Hindi,1128156,78156,0,5105
u3I2huOYYK8,Confusion Ko Khatam Kaise Kare? By Sandeep Maheshwari,2005170,126553,0,5793
c6NGgtI3LpE,Sandeep Maheshwari on Swami Vivekananda,3401161,206738,0,10364
dbt-RB18az0,Sandeep Maheshwari on Warren Buffett | Hindi,3274153,156934,0,7229
-mXNWS_1h_4,‡§¶‡§ø‡§Æ‡§æ‡§ó ‡§ï‡•ã ‡§§‡•á‡§ú‡§º ‡§ï‡•à‡§∏‡•á ‡§ï‡§∞‡•á‡§Ç | How to Boost Your Brain Power? By Sandeep Maheshwari,3521945,202738,0,7612
fCQTq_iLWHY,Say This To Yourself EVERY Morning - By Sandeep Maheshwari | Hindi,2041206,139311,0,7420
7F-5lRIgPJ8,Sandeep Maheshwari on Bill Gates | Hindi,1540631,101323,0,6679
PO6yEHek4ts,‡§¨‡§ø‡§®‡§æ ‡§ï‡§ø‡§∏‡•Ä ‡§°‡§∞ ‡§ï‡•á ‡§ú‡§ø‡§Ø‡•ã | Live Without Fear - By Sandeep Maheshwari,514225,33444,0,2277
sEGoPFZrOBU,How to Stop Negative Thoughts? By Sandeep Maheshwari,795642,50092,0,3511
FbwRG2xqmFQ,Sandeep Maheshwari on Acharya Chanakya | ‡§Ü‡§ö‡§æ‡§∞‡•ç‡§Ø ‡§ö‡§æ‡§£‡§ï‡•ç‡§Ø,3486574,198838,0,10338
rHhtnxyrAu4,Sandeep Maheshwari on Dr. A.P.J. Abdul Kalam,2641144,168095,0,8761
0JLQBTT3AFE,Sandeep Maheshwari on Bruce Lee | Hindi,1767824,115224,0,7683
35GaU_IUNrs,Sandeep Maheshwari on Elon Musk | Hindi,4014140,223100,0,11356
4oJIj99k1QE,‡§™‡§¢‡§º‡§æ‡§à ‡§Æ‡•á‡§Ç ‡§Æ‡§® ‡§ï‡•à‡§∏‡•á ‡§≤‡§ó‡§æ‡§Ø‡•á‡§Ç | How to focus on studies? By Sandeep Maheshwari,5230206,378788,0,13041
9Nwbc4j1Jzs,Sandeep Maheshwari on Steve Jobs | Hindi,1746990,111681,0,7606
Q4kR6vM8xvQ,POWERFUL MOTIVATIONAL SPEECH - By Sandeep Maheshwari | Latest Video 2020 | Hindi,8257704,509562,0,12948
RQgSyIDqVQY,Sandeep Maheshwari on Albert Einstein | Hindi,4007624,271567,0,72074
8X0gNEbFWKw,How to Control Your Anger Before it Controls You? By Sandeep Maheshwari | Hindi,911255,62955,0,4281
JT2h6i1IADA,How to stop feeling bad? By Sandeep Maheshwari | Hindi,909493,59164,0,3441
X5eAOZK34y4,How to handle people who hurt you? By Sandeep Maheshwari | Hindi,2293737,134824,0,6903
osqNn_9HdgU,World's Best Life Changing Book - By Sandeep Maheshwari | Hindi,7011121,259253,0,11255
ZfPISsIIKQw,POWERFUL MOTIVATIONAL VIDEO By Sandeep Maheshwari | Best Inspirational Quotes in Hindi,15790488,761586,0,21360
LTGH1ZnZ_08,SABSE BADA MOTIVATION - By Sandeep Maheshwari,2742056,135096,0,5243
k7vHjEKiwVM,Jaldi Decision Kaise Lein? By Sandeep Maheshwari,2935041,138291,0,4344
QjO02NuhthM,Mentally Strong Kaise Bane? By Sandeep Maheshwari,11227967,437179,0,8315
dXL3xF-NDaQ,How to get rid of Emotional Pain? By Sandeep Maheshwari | Hindi,5928866,286950,0,9399
yI_txg4AZNI,‡§ú‡§º‡•ç‡§Ø‡§æ‡§¶‡§æ ‡§∏‡•ã‡§ö‡§®‡§æ ‡§õ‡•ã‡§°‡§º‡•ã - Sandeep Maheshwari | How To Stop Overthinking?,15846950,572093,0,13716
juJ37y04Aj8,How to attend Sandeep Maheshwari's LIVE SESSION?,887923,69884,0,3804
hxRJTjeDvuY,Time Ko Aag Lagaana Band Karo - Motivational Video By Sandeep Maheshwari,3895853,213321,0,6710
Mg0FpVtO9MY,What is Self Love? By Sandeep Maheshwari | Hindi,2298006,129605,0,3953
qk1Bj58N6Pc,ATTITUDE IS EVERYTHING - By Sandeep Maheshwari | Hindi,6797938,331553,0,7326
cCjOAtoTdos,How to be an All-Rounder in life? By Sandeep Maheshwari | Hindi,3095542,171726,0,5290
RCm8sb5GgRY,Apne Dar Ko Jeetna Seekho - By Sandeep Maheshwari,2267821,105221,0,3316
mSgsuphgLo4,3 Signs of a Foolish Person - By Sandeep Maheshwari | Hindi,5041849,227167,0,7365
UEsIVukGPdU,Jitna Bada Challenge Utni Badi Success - By Sandeep Maheshwari,2883111,148032,0,5106
NDtGxujpdC8,3 Steps to Control Your Mind - By Sandeep Maheshwari | Motivational Video | Hindi,8220463,344302,0,8878
tk9TNMgySbw,Apni Kismat Ko Badalna Seekho - By Sandeep Maheshwari,3390481,132034,0,4984
BSioUvySgJQ,Full Talk #3 By Sandeep Maheshwari - What do we really want?,1686666,65400,0,4063
FMEw0Jr-z9o,Full Talk #2 By Sandeep Maheshwari - YOU ARE LIMITLESS,2306853,88496,0,4869
rcRCOzwq-N0,Full Talk #1 By Sandeep Maheshwari - How to practically change your life?,5206761,168704,0,7276
IbxMjrKGyPM,How to stay Motivated all the time? By Sandeep Maheshwari,1603614,82063,0,2898
RI5zPe4ciiI,What is Real Love? By Sandeep Maheshwari I Hindi,12994726,628443,0,13471
S408c_XlYpc,Apne Nazariye Ko Badalna Seekho - By Sandeep Maheshwari,2961645,135566,0,4236
I0iSpVJqiGg,How to increase your Confidence? By Sandeep Maheshwari I Hindi,2900268,134492,0,4050
8iBNHZCpbuM,‡§ö‡§æ‡§£‡§ï‡•ç‡§Ø ‡§®‡•Ä‡§§‡§ø | Chanakya Neeti - By Sandeep Maheshwari,3521541,178510,0,4175
rC8BYN1pkW4,Best Advice For Every 20 Year Old - By Sandeep Maheshwari I Hindi,6388448,377463,0,8612
H8xMIjz6LRY,Peace of Mind - By Sandeep Maheshwari,3887668,131010,0,5491
LknADkbbekc,Make Money From Money - By Sandeep Maheshwari | Hindi,52800281,1164947,0,27640
M5lErZLqo2Y,Kuch Bada Karna Hai To Ye Yaad Rakhna - By Sandeep Maheshwari,10984275,484267,0,12068
32ykLQSDTGo,Ye 3 Kaam Kabhi Mat Karna - Motivational Video By Sandeep Maheshwari,7353226,265774,0,7617
bK5lGMF4axA,Apne Andar Ke Talent Ko Kaise Pehchane - By Sandeep Maheshwari,15637750,781671,0,15210
0uLLuodEFhE,Secret of a Happy Relationship - By Sandeep Maheshwari I Hindi,10853791,504221,0,11512
EDoD6K-xPro,Khud Ko Kisi Se Kam Mat Samjho - Motivational Speech By Sandeep Maheshwari,10456709,358610,0,10067
BL9WblAEK_A,How to Conquer your Biggest Fear? By Sandeep Maheshwari I Hindi,2028182,89794,0,4126
1SZ92qTNWCk,How to ACHIEVE MORE in LESS TIME? By Sandeep Maheshwari I Motivational Video in Hindi,3818711,179852,0,5515
af3Dmfsotbc,Stop Being An Emotional Fool - Motivational Video By Sandeep Maheshwari,9085331,384887,0,11304
tVd0yX19cUY,#10 How to Start a Business with No Money? By Sandeep Maheshwari I Hindi #businessideas,1031796,44320,0,2535
rTCq9gosTyE,#9 How to Start a Business with No Money? By Sandeep Maheshwari I Hindi #businessideas,1036533,41632,0,1359
CFUvF3xXUqk,#8 How to Start a Business with No Money? By Sandeep Maheshwari I Hindi #businessideas,760486,29709,0,1273
DHlGW3dJNFE,#7 How to Start a Business with No Money? By Sandeep Maheshwari I Hindi #businessideas,834275,32844,0,1337
0lfHRvvV-qI,#6 How to Start a Business with No Money? By Sandeep Maheshwari I Hindi #businessideas,1290226,52000,0,3220
xss3FK58EV8,#5 How to Start a Business with No Money? By Sandeep Maheshwari I Hindi #businessideas,1270482,49857,0,2023
eIfTcEt3Nw4,#4 How to Start a Business with No Money? By Sandeep Maheshwari I Hindi #businessideas,1678482,73364,0,4396
Oh8XqWASsts,#3 How to Start a Business with No Money? By Sandeep Maheshwari I Hindi #businessideas,1997008,84949,0,4795
VCpHNvc3nvE,#2 How to Start a Business with No Money? By Sandeep Maheshwari I Hindi #businessideas,5632916,251803,0,13508
Rf4rU1hwQXc,#1 How to Start a Business with No Money? By Sandeep Maheshwari I Hindi #businessideas,15402980,593170,0,16337
LrnynQqYFXo,Sirf 1 Tareeka Hai Khush Rehne Ka - Sandeep Maheshwari,15015126,443571,0,15331
gdojwO396uM,How to make the IMPOSSIBLE POSSIBLE? By Sandeep Maheshwari I Motivational Video in Hindi,6030049,281000,0,8733
eAK14VoY7C0,How to deal with Depression and Anxiety? By Sandeep Maheshwari I Hindi,10726873,371310,0,19942
KkvTqnGwK1o,Apne Mind Ko Clear Karna Seekho - By Sandeep Maheshwari I Mind Mapping Technique,5459293,198706,0,5554
fow__sEVsno,Shyness ‡§ñ‡§§‡•ç‡§Æ ‡§ï‡•à‡§∏‡•á ‡§ï‡§∞‡•á‡§Ç? By Sandeep Maheshwari,9582447,462031,0,13799
erFaJDxz6Xg,The Journey to 10 Million Subscribers!!!,3793704,242285,0,17778
4-NiO3tq8mw,‡§ú‡§¨ ‡§π‡§ø‡§Æ‡•ç‡§Æ‡§§ ‡§ü‡•Ç‡§ü‡•á ‡§§‡§¨ ‡§ï‡•ç‡§Ø‡§æ ‡§ï‡§∞‡•á‡§Ç? Motivational Speech by Sandeep Maheshwari,9119966,292709,0,10528
BYc4ipPBuaA,How to Relax your Mind? By Sandeep Maheshwari I Hindi,8961233,256017,0,7413
LBB_Yzb7Bi8,Dar Se Mat Daro - By Sandeep Maheshwari,4029390,154048,0,5433
vE1F3-Nx1NY,Apne Parents Ko Kaise Samjhaye? By Sandeep Maheshwari,2492340,132648,0,5223
piyhZoOaDag,Akelapan Dur Kaise Kare? By Sandeep Maheshwari,10992203,463951,0,31239
tDODeGh3JGs,What is True Love? By Sandeep Maheshwari I Hindi,4345836,201957,0,6659
ltIN53hRAXw,Khud Ko Samjho - By Sandeep Maheshwari,5962452,204687,0,7411
B7u_bIeTc1I,Ache Logo Ke Saath Bura Kyun Hota Hai? By Sandeep Maheshwari,11962015,426835,0,14635
MpJKNYiJSAs,Heart vs Mind - By Sandeep Maheshwari I Hindi,6350382,294809,0,9383
hE6I9apUvrk,How to improve Communication Skills? By Sandeep Maheshwari I Hindi,13991746,545361,0,10140
AmTbx_8SMMw,How to Focus on your Goal? By Sandeep Maheshwari I Hindi,9859485,439658,0,16337
AwRfvtCpdiQ,Don't Waste Your Time - By Sandeep Maheshwari I Hindi,17477765,766457,0,19074
gwKSWd75snE,Apne Andar Ke Dar Ko Jeeto - By Sandeep Maheshwari,10243543,375516,0,11686
t6Kw3n9CNrc,How to Stay Motivated all the time? By Sandeep Maheshwari I Hindi,7781727,328813,0,9154
EinlIf5yfYQ,Apni Kahani Khud Likho - By Sandeep Maheshwari,5555297,230584,0,7620
sBRN4fdu_74,100% Jeena Seekho - By Sandeep Maheshwari,4332552,172075,0,8215
NHQHExbYbVM,How to live Happily? By Sandeep Maheshwari,2278616,95572,0,4829
Tj1Pyf8oFBs,THE END - By Sandeep Maheshwari,3997397,165680,0,9912
1K0dgh8O8AQ,Sangati Ka Asar - By Sandeep Maheshwari,1699964,76303,0,4419
s_1bFkC2tRY,3 Signs of TRUE LOVE - Sandeep Maheshwari | Hindi,18100022,739800,0,23441
NX0pIxLihn4,Family ‡§ï‡•Ä Situation vs ‡§Ü‡§™‡§ï‡•á Goals - By Sandeep Maheshwari,5280191,259443,0,8597
R8OFOURSZZA,Addiction To Education (‡§™‡§¢‡§º‡§æ‡§à ‡§ï‡•Ä ‡§≤‡§§) By Sandeep Maheshwari,22851440,848199,0,20858
aFIsyEfXDIw,Do What The 99% Are Not Doing - By Sandeep Maheshwari,6662052,238926,0,8458
HPrhvo6OlBI,3 Things You Must Do Everyday - By Sandeep Maheshwari I Hindi,4452814,198593,0,7412
Pfbnc-u8Ta4,How to control your ANGER? By Sandeep Maheshwari,5480406,221568,0,7286
dIlmtkRZK8g,How to control your Subconscious Mind? By Sandeep Maheshwari I Hindi,3890637,161474,0,6155
it29M1nkn38,Choose YOUR OWN Path - By Sandeep Maheshwari,2062613,71877,0,3931
u6gEkCp0f08,What is Love? By Sandeep Maheshwari,10839264,434207,0,14236
W0UGEDbjBDs,Apne Mind Ko Shant Kaise Kare? By Sandeep Maheshwari,21046351,697103,0,18812
gpuqFNGxab8,Bina Kisi Dar Ke Jeena Seekho - By Sandeep Maheshwari,9247058,272632,0,9166
ktBZ1UKKN28,Khud Ki Value Badhao - By Sandeep Maheshwari,12932658,472369,0,10179
kFRowYi8uvA,Aalas Kaise Dur Karein - By Sandeep Maheshwari,10779626,387947,0,10905
PgluKyEwuoE,Khud Ko Sahi Direction Dena Seekho - By Sandeep Maheshwari,6766471,252052,0,9265
VPN9yPyKEqU,Akele Khush Rehna Seekho - By Sandeep Maheshwari,26261725,844652,0,26422
2FM210lmDBI,What is Real Intelligence? By Sandeep Maheshwari I Hindi,2566418,109298,0,4837
pCZ1kToC70g,Why Don't I Earn Money From My Sessions? By Sandeep Maheshwari I Hindi,1972827,140213,0,10064
oLrrQl8d28A,Stop Giving Excuses - By Sandeep Maheshwari I Hindi,2492298,111983,0,4425
SUwp1_uI9Ug,Smart Work vs Hard Work - By Sandeep Maheshwari I Hindi,2655274,109204,0,4107
wMEOT0yaasQ,The Positive Side of Anger - By Sandeep Maheshwari I Hindi,1494699,71623,0,3633
dI5o1IJR7y8,YOU are UNIQUE - By Sandeep Maheshwari I Hindi,2895310,118072,0,6164
HHgQO_rKLHU,Halke Fulke Rehna Seekho - By Sandeep Maheshwari,5143616,167431,0,6763
1xR-XgReRg8,Part 4 of 4 - How to get rid of Overthinking? By Sandeep Maheshwari,1459689,55654,0,3125
O5QrLnVcQXc,Part 3 of 4 - How to get rid of Overthinking? By Sandeep Maheshwari,1545805,46662,0,3120
p1-jfIipvwc,Part 2 of 4 - How to get rid of Overthinking? By Sandeep Maheshwari,1765851,58903,0,3091
HIKqzkOXYz8,Part 1 of 4 - How to get rid of Overthinking? By Sandeep Maheshwari,3379829,116404,0,5525
X4eL6fL5I1U,How to make anyone instantly Like You? By Sandeep Maheshwari,6619607,280012,0,7206
97mtlPAv_1M,Never Underestimate YOURSELF - Inspirational Video I Hindi,2312373,145034,0,5015
XlsQuV32yEs,Out of the Box Thinking - By Sandeep Maheshwari I Hindi,1246269,48899,0,2203
piZS-I9sjiU,Job vs Business - Sandeep Maheshwari I Hindi,9152539,347759,0,11030
bkv8lm5uFxs,Don't Be Too Serious - By Sandeep Maheshwari I Hindi,5323197,201732,0,5477
nPci9IFOaIk,Accept Your Mistakes & Move On - By Sandeep Maheshwari,3716590,154554,0,3914
hF8MjhyN2Yg,Be Fearless - By Sandeep Maheshwari,4498629,185170,0,4413
vpO_3ZegQL4,Freedom From Stress & Pressure - By Sandeep Maheshwari I Hindi,7673487,258613,0,8370
jklmLh740CA,You Are More Than You Think - By Sandeep Maheshwari I Hindi,2744856,97734,0,4479
IAD5G4ET3Ng,How Successful People Think? By Sandeep Maheshwari I Hindi,2544529,101938,0,3897
3gqQevdM7xM,How to Build Self Confidence? By Sandeep Maheshwari I Hindi,10228970,349431,0,8310
4OT9gF_HdJg,How to be Happy in Life? By Sandeep Maheshwari I Hindi,2234567,83928,0,3124
uEgWn7i67k8,What is True Love? By Sandeep Maheshwari I Hindi,6406845,236412,0,5336
L1FrBx_wkYU,What is Real Beauty? By Sandeep Maheshwari I Hindi,2207873,79639,0,3261
oB09kuJa-Eg,Focus on Yourself - By Sandeep Maheshwari I Hindi,5895063,176240,0,5090
NwZjWm8iTWc,Positive vs. Negative Thoughts - By Sandeep Maheshwari I Hindi,1147278,35747,0,1468
Nlb8x7oIkbI,Hanste Khelte Raho - By Sandeep Maheshwari,6650381,223974,0,5898
YhpU8VME8Gw,3 Ways To Be Stress Free - By Sandeep Maheshwari I Hindi,5114904,160840,0,3017
rGpwRlCOLbY,How to Stop Negative Thoughts & Feelings? By Sandeep Maheshwari I Hindi,11338434,353897,0,11986
XW9tfxy7WX0,NEVER QUIT - A Truly Inspiring Story of a Young Woman (Hindi),2545711,122891,0,4698
WhunIR0JxkA,Always Be Happy - By Sandeep Maheshwari,3866168,200117,0,3620
siKJWYCoDTI,Difference Between Need & Greed - By Sandeep Maheshwari I Hindi,633341,27101,0,1487
odnOhu7m318,Stop Comparing Kids - By Sandeep Maheshwari,652519,34744,0,2073
G3gpBYrbk-0,How to Deepen Your Understanding? By Sandeep Maheshwari I Hindi,973661,37316,0,1306
qF0HeSOO2TE,Don't Be Lazy - By Sandeep Maheshwari I Motivational Video in Hindi,2709208,98830,0,2799
QVESwoTDBCc,DIL KI SUNO - Inspirational Video By Sandeep Maheshwari,822274,33606,0,1459
aMt64jSpxOo,JUST DO IT - Motivational Video (Hindi),996587,49285,0,2036
Unkowlce62s,How to Build Trust in a Relationship? By Sandeep Maheshwari I Hindi,1750618,63401,0,1359
8GS_9pAi-HI,BELIEVE IN YOURSELF - Motivational Video By Sandeep Maheshwari I Hindi,6476849,338985,0,8844
31rlCxfts4E,How to be FEARLESS - By Sandeep Maheshwari I Hindi,1556023,50276,0,1812
9-8UN0cPCmQ,How to Make your Body Fit & Active? By Sandeep Maheshwari I Hindi,3252410,102379,0,2829
Ss1XWRfdM-0,How to be a Great Speaker? By Sandeep Maheshwari I Hindi,2208875,69454,0,2442
D-0qAA3Mri8,Aaj Mein Jeena Seekho - By Sandeep Maheshwari,1821583,63468,0,2043
yimydUJMSl8,Zindagi Ki Gaadi Ka Fuel - By Sandeep Maheshwari,683151,24611,0,1057
3pfu6pqyIWw,Zindagi Ko Khul Ke Jiyo - By Sandeep Maheshwari,1620682,61278,0,1884
S_p0dKZEjwk,Apne Aap Ko Samjho - Motivational Video By Sandeep Maheshwari,4426930,145400,0,3319
WhftbG4OgTc,Har Cheez Se Seekho - By Sandeep Maheshwari,1243540,42195,0,1617
r0AIiTtjkxM,Apne Thoughts Ko Samjho - By Sandeep Maheshwari,2380694,75049,0,3834
iyBGzzjyUDU,How to be a Great Teacher? By Sandeep Maheshwari I Hindi,3977795,115870,0,3978
HQ-aJkcUT0o,The Positive Side of Breakup - By Sandeep Maheshwari I Hindi,6337665,260936,0,10450
wbkpaA6LH80,How Successful Entrepreneurs Think? By Sandeep Maheshwari I Hindi,2303017,74719,0,2145
JHKk4QXcUhk,Mast Rehna Seekho - By Sandeep Maheshwari,11995190,312179,0,9588
mqvPoSfknNY,What is Mind? By Sandeep Maheshwari I Hindi,1812598,54671,0,2142
_zgYxCxJB0I,Why do we start Smoking? By Sandeep Maheshwari I Hindi,3938120,152566,0,5241
udZtsIz3d_U,Top 10 Ways to Overcome Laziness - By Sandeep Maheshwari,5655127,196725,0,3620
G-NTw4OcRPs,How to be Happy all the time? By Sandeep Maheshwari I Hindi,7001022,222121,0,8867
80MHyy11sw0,What is Real Learning? By Sandeep Maheshwari I Hindi,1555890,48848,0,2188
k1IT_EfC4KI,Don't Suppress Your Desires - By Sandeep Maheshwari I Hindi,771173,26845,0,987
a2EhOm1ysKA,Open your Mind to New Ideas - By Sandeep Maheshwari I Hindi,1540623,56414,0,1451
ws9XIYdvNtU,The Most Practical Way to Achieve Success - By Sandeep Maheshwari I Hindi,1634969,55294,0,1836
uPfPx_l_mgI,What is Luck? By Sandeep Maheshwari I Hindi,2092049,54052,0,3787
lXR5ri2vDSc,DON'T BE AFRAID - Motivational Video By Sandeep Maheshwari (Hindi),1687206,52768,0,1803
nRPb6O05Lsw,How to Stop Overthinking? By Sandeep Maheshwari I Hindi,9373133,325755,0,8931
hbfyVu0arXE,"How to Meditate Anytime, Anywhere? By Sandeep Maheshwari I Meditation For Beginners (Hindi)",2302583,82893,0,2459
WfWgThjXpXo,How to stay Motivated all the time? By Sandeep Maheshwari I Hindi,3313491,105423,0,2359
dikGXPB2R30,What is the cause of Laziness? By Sandeep Maheshwari I Hindi,1666512,45099,0,1420
o7mdzUtCZPw,Sandeep Maheshwari's Top 10 Rules For Success (Hindi),7438973,256599,0,5047
MuQ3QxHvkhw,How to make your Mind Peaceful? By Sandeep Maheshwari I Hindi,3940049,108345,0,2791
b_clFB3vL-Q,4 Steps to Overcome Failure - By Sandeep Maheshwari I Hindi,2680453,97255,0,3920
5UxCv3HGhSQ,Feelings Are Temporary - Motivational Video By Sandeep Maheshwari (Hindi),1394454,48938,0,1376
y04OcY_4ttU,How to overcome Loneliness? By Sandeep Maheshwari I Hindi,5605690,182897,0,8569
aBOGlRB9dSM,How to make every moment of life New and Refreshing? By Sandeep Maheshwari I Hindi,1772964,55082,0,3293
rk_TeIhydsM,ATTITUDE is EVERYTHING - Motivational Video By Sandeep Maheshwari I Hindi,8684395,226621,0,4247
9XGekkdAIrk,BEST MOTIVATIONAL VIDEOS COMPILATION - Sandeep Maheshwari (Hindi),7015817,169416,0,4745
RT2a92UXOIA,How to do what you love doing? By Sandeep Maheshwari I Hindi,971866,32188,0,1531
faku-uBEloU,What is Love? By Sandeep Maheshwari I Hindi,12686601,320614,0,11428
WeUUwr5_mG4,What is Fear? By Sandeep Maheshwari I Hindi,2067200,48301,0,2108
8qwMyMCuV4I,Sabse Bada Rog Kya Kahenge Log - By Sandeep Maheshwari,3104602,96401,0,3677
UckUOWErUYU,Ek Alag Soch - By Sandeep Maheshwari,2279612,59397,0,2153
fOWsE6pPTaM,How to control your thoughts? By Sandeep Maheshwari I Hindi,4976075,126076,0,4833
TAqczHpN_BM,How to change your Mindset? By Sandeep Maheshwari I Hindi,3753012,111209,0,3313
rDjYio4xlZ0,#4 Smart Dressing Sense & Hygiene - By Sandeep Maheshwari I Personality Development I Hindi,5966522,154944,0,1999
M4iHa7gHvNI,#3 Confidence for Job Interview - By Sandeep Maheshwari I Personality Development I Hindi,3790269,120103,0,2159
QLqTYtka2Vg,#2 Confident Body Language Tips - By Sandeep Maheshwari I Personality Development I Hindi,11249968,338630,0,5244
5CoKwpezDFE,Personality Development #1 Improve Your Sense of Humour - By Sandeep Maheshwari I Hindi,11623113,326054,0,6387
VrTraTM5PBo,Solution Oriented Mindset - By Sandeep Maheshwari I Hindi,724558,23466,0,1009
yR-UgJEwgLA,Apne Dil Ki Suno - By Sandeep Maheshwari I Latest 2017 Video in Hindi,1770773,41983,0,1073
ZRR4n5f72pA,Keep Moving Forward - By Sandeep Maheshwari I Hindi,583253,17702,0,832
eQTj6M21dGY,How to Make Money on YouTube? By Sandeep Maheshwari I Hindi,9126063,359725,0,19575
ImZwgfGY20o,How to expand your Mind? By Sandeep Maheshwari I Think Out Of The Box,1909989,55094,0,1506
AtaJEAZWXKM,Successful ‡§≤‡•ã‡§ó‡•ã‡§Ç ‡§ï‡•Ä ‡§∏‡•ã‡§ö - By Sandeep Maheshwari,8294889,147606,0,4022
Sl56bfvurWY,How to increase your Memory Power? By Sandeep Maheshwari I Hindi,2414796,59446,0,1670
PuHAHf2jOJk,Start Feeling Happy! By Sandeep Maheshwari I Hindi,2913311,71535,0,3297
EN-pgUsBOm4,BE POWERFUL - By Sandeep Maheshwari I Latest Mashup I Motivational Speech in Hindi,2981892,78061,0,1140
XG21qHCdH9k,Rise & Shine - By Sandeep Maheshwari I Hindi,2481784,72287,0,3280
Y07dnUKwqyw,Speak English with Confidence - By Sandeep Maheshwari | Hindi,36242542,921040,0,22114
N2cs7b8er1A,How to Concentrate on Studies? By Sandeep Maheshwari I Hindi,5229624,241539,0,2516
uWnBTyiSwgE,Stop Getting Distracted - By Sandeep Maheshwari I Hindi I Avoid Distractions and Stay Focused,7639286,242140,0,7028
2B7SCf3aP6Q,Mobile Phone Addiction - By Sandeep Maheshwari I Hindi,1645747,56634,0,2219
VczVqHJW0gg,Extraordinary Communication Skills - By Sandeep Maheshwari I Hindi,9409861,239905,0,4789
yNQf5YFL2Ns,Emotional Intelligence - By Sandeep Maheshwari I Hindi,2779387,64769,0,1798
V3fDtsDsGSo,Inspiring Story of Akbar & Birbal - By Sandeep Maheshwari I Hindi I Positive Thinking & Attitude,1685155,71040,0,947
yIW6eTU2oXY,How to stay Motivated in your Career? By Sandeep Maheshwari I Hindi,1331123,33638,0,724
vmxC_2HNIWo,How to get rid of Jealousy? By Sandeep Maheshwari I Hindi,2679292,77710,0,1531
7hSHiXXS9Qg,How to stay Positive with Negative people? By Sandeep Maheshwari I Hindi,4555675,118814,0,3342
1SA1QFpVSiA,What is the Ultimate Goal of Life? By Sandeep Maheshwari I Hindi,1569432,37092,0,1266
VXDDEC3q5Lg,How to Stay Focused? By Sandeep Maheshwari I Hindi,3467408,88773,0,1882
QGcOzD8pX14,Stop Killing Time - By Sandeep Maheshwari I Inspirational Talk in Hindi,4842089,102865,0,2835
3TfRSGrEE6I,Game of Life - By Sandeep Maheshwari I Hindi I Be Fearless & Live With Confidence,4438915,100066,0,3291
Zf2RzRgD3t8,BE FEARLESS - Motivational Video By Sandeep Maheshwari,6534037,148553,0,2612
HeAcRFIrKFY,Smart Work & Time Management - By Sandeep Maheshwari I Hindi,6586807,134214,0,3821
hIFCjtcg7eM,How to Conquer Yourself? By Sandeep Maheshwari I Hindi I Change Your Mind,1537692,36493,0,1041
AH7k3P6W7V8,How to take the Right Decision? By Sandeep Maheshwari I Hindi,3936491,95780,0,2377
Hq_PSO1HCc8,How to look at your Destiny? By Sandeep Maheshwari I Hindi,444959,12796,0,302
7cZDRM28LgM,How to control your Mind? By Sandeep Maheshwari I Hindi,15901437,308422,0,9906
KcUfiGgTkbw,Absolute Freedom - By Sandeep Maheshwari I Hindi,2129429,49530,0,2110
WKiRLpD0xSo,‚ñ∂ Most Powerful Motivational Story - By Sandeep Maheshwari I Animated Version in Hindi,4376083,172887,0,2865
wvjqFy33HVA,How to LEARN from everyone? By Sandeep Maheshwari in Hindi I Latest 2016,1406181,31115,0,992
tC6i1AIj4iU,How to Achieve Success in Life? By Sandeep Maheshwari in Hindi I Latest 2016,1526957,39301,0,853
KBkmHRpC-bw,Courage For Students - By Sandeep Maheshwari I Full Speech I Hindi,3206860,82808,0,3120
9S-ezI-x3Fc,PROMO: COURAGE FOR STUDENTS by Sandeep Maheshwari,566401,11873,0,386
dD_fk9ELJ24,The Sound of Silence - By Sandeep Maheshwari (in Hindi),3917840,72193,0,4023
hPFN4UDgMZ4,The Mission of Sandeep Maheshwari,2320760,54195,0,1530
QkKDeMmcjaA,Power of Choice - By Sandeep Maheshwari I Hindi,1432004,35117,0,854
Ho37w_UFRSg,How to increase your Intelligence? By Sandeep Maheshwari I Hindi,6229538,160871,0,3504
sXHSugsbW28,MindAPP by Sandeep Maheshwari (in Hindi),2733685,66862,0,2517
n4Q1GM_lr94,Power of Desire - By Sandeep Maheshwari I Powerful Inspirational Speech in Hindi,2830942,71969,0,2552
Moek1mBNZUg,Create your own Destiny - By Sandeep Maheshwari I Hindi,2563871,57803,0,1820
RwxC5J8LI4Q,BEST MOTIVATIONAL VIDEO For Students - Sandeep Maheshwari I POWER OF FOCUS,20953130,671470,0,22662
EVNNzwHWq78,Overcoming Fear & Anger - By Sandeep Maheshwari I Hindi,6267633,110466,0,4255
eG2X_wYSi_U,Laugh At Yourself - By Sandeep Maheshwari I Hindi,5500303,165205,0,4961
eF2FST6my_Q,Realistic Positive Thinking - By Sandeep Maheshwari I Hindi I Attitude is Everything,4172832,100248,0,2773
BNBJaH0cTL8,‚ñ∂ Never Give Up - By Sandeep Maheshwari in Hindi I Powerful Motivational Video,3653862,126595,0,1803
NeGWwIxyKKQ,Guaranteed Success - By Sandeep Maheshwari I Hindi,8310781,197813,0,5910
9vqtF68SkRM,Basic Meditation Session (English) By Sandeep Maheshwari,477915,7156,0,304
Kn4dK_kYUEo,Basic Meditation Session By Sandeep Maheshwari I How to Meditate for Beginners I Hindi,19538735,435122,0,15144
d39O2sR5sj4,Power of Belief ‚ñ∂ An Inspirational Film by Sandeep Maheshwari I Hindi,1988178,57005,0,2584
eOsB8hpWz6k,PROMO: POWER OF BELIEF by Sandeep Maheshwari,287804,7285,0,237
qXCVBVxJqLs,How to get the power to achieve your goals? By Sandeep Maheshwari (in Hindi),1823606,47826,0,1025
AV37vcRBPhs,THE UNSTOPPABLE - By Sandeep Maheshwari,21917405,595899,0,21904
MvZ9dI_b72I,PROMO: UNSTOPPABLE by Sandeep Maheshwari,794283,29761,0,531
8kobG40CPYw,From ILLUSION to REALITY - By Sandeep Maheshwari I Hindi,5177769,114540,0,5340
5btIDfCa4fQ,Sandeep Maheshwari - Motivational Video I Powerful Mashup in Hindi,711183,18260,0,610
GsY4E6iyVYg,LAST Life Changing Seminar - By Sandeep Maheshwari I Dubbed in English,4221046,63135,0,1590
eDiA1p5DlLg,World's #1 Life Changing Video By Sandeep Maheshwari | Hindi,68438010,1030823,0,42990
vRe-eWNhk8M,FIRST Life Changing Seminar - By Sandeep Maheshwari in Hindi,8006783,146504,0,11129
